Company,Product,TypeName,Inches,ScreenResolution,Cpu,Ram,Memory,Gpu,OpSys,Weight,Price_euros
0,0,0,0,0,0,0,0,0,0,0,1339.69
0,1,0,0,1,1,0,1,1,0,1,898.94
1,2,1,1,2,2,0,2,2,1,2,575.0
0,0,0,2,3,3,1,3,3,0,3,2537.45
0,0,0,0,0,4,0,2,4,0,0,1803.6
2,3,1,1,4,5,2,4,5,2,4,400.0
0,0,0,2,3,6,1,5,6,3,5,2139.97
0,1,0,0,1,1,0,5,1,0,1,1158.7
3,4,0,3,2,7,1,3,7,2,6,1495.0
2,5,0,3,5,8,0,2,8,2,7,770.0
1,2,1,1,4,2,2,4,2,1,2,393.9
1,2,1,1,2,9,2,4,9,1,2,344.99
0,0,0,2,3,10,1,2,10,0,3,2439.97
4,6,1,1,2,9,2,2,11,2,8,498.9
0,7,0,4,6,11,0,2,12,0,9,1262.4
0,0,0,0,0,0,0,2,0,0,0,1518.55
4,6,1,1,2,12,0,2,11,2,8,745.0
0,0,0,2,3,13,1,3,13,0,3,2858.0
5,8,1,1,2,14,0,6,14,1,8,499.0
4,9,0,0,7,8,0,0,8,2,10,979.0
3,10,2,5,4,15,3,7,15,2,11,191.9
5,11,3,1,5,16,0,8,16,2,12,999.0
1,12,1,1,4,17,2,4,17,1,2,258.0
4,13,4,0,8,8,0,2,8,2,13,819.0
1,14,0,1,2,7,0,2,2,2,14,659.0
4,6,1,1,4,9,2,6,9,2,15,418.64
0,15,0,0,1,18,0,1,1,3,16,1099.0
4,16,1,1,2,8,0,2,18,2,8,800.0
4,17,0,1,2,19,0,9,8,2,17,1298.0
1,18,1,6,2,8,0,6,19,2,12,896.0
6,19,1,1,2,20,2,10,20,2,18,244.99
3,20,1,3,4,21,3,7,17,2,19,199.0
1,21,1,6,2,22,2,4,18,2,20,439.0
4,9,0,0,9,7,1,3,8,2,21,1869.0
0,15,0,0,1,18,0,5,1,3,16,998.0
5,22,1,3,4,23,2,10,21,2,22,249.0
2,3,1,1,4,24,2,6,2,4,4,367.0
4,23,1,6,5,8,0,8,18,2,23,979.0
1,2,1,1,4,2,2,6,2,2,2,488.69
1,24,1,1,2,8,0,2,22,2,4,879.0
3,25,1,1,2,9,2,6,2,4,24,389.0
4,26,3,1,5,25,1,11,23,2,25,1499.0
3,27,1,1,4,2,0,6,14,4,15,522.99
2,28,1,1,5,8,2,2,8,2,8,682.0
4,29,4,6,8,8,4,6,24,2,26,999.0
0,0,0,0,0,26,0,2,25,0,0,1419.0
5,30,1,1,4,9,2,0,9,1,8,369.0
3,31,3,6,2,27,0,11,26,2,27,1299.0
4,6,1,1,2,2,2,2,11,2,15,639.0
3,32,1,6,4,28,2,6,27,2,23,466.0
5,33,4,7,10,29,2,10,15,5,28,319.0
2,28,1,1,5,7,0,2,7,2,8,841.0
1,12,1,1,2,22,2,2,28,2,2,398.49
1,34,1,0,2,7,0,3,8,2,29,1103.0
2,3,1,1,4,14,2,6,2,2,30,384.0
4,35,1,1,2,7,0,2,29,2,31,767.8
1,36,1,1,2,9,2,0,9,2,14,439.0
3,37,1,1,4,2,2,2,2,2,24,586.19
7,38,3,6,2,25,1,12,30,2,32,2449.0
3,39,1,1,2,9,2,2,9,4,24,415.0
4,23,1,6,2,7,1,12,18,2,23,1299.0
4,40,0,3,2,8,0,2,8,2,33,879.0
5,41,1,3,5,24,0,2,2,1,33,599.0
3,42,1,3,2,8,0,2,8,2,34,941.0
1,2,1,1,2,2,0,2,2,2,2,690.0
3,43,0,1,2,25,1,3,31,2,35,1983.0
1,2,1,1,4,9,2,4,29,2,2,438.69
1,44,1,3,4,30,2,13,15,2,22,229.0
5,45,1,1,2,2,2,6,2,2,36,549.0
3,46,3,6,2,25,4,6,31,4,37,949.0
8,47,0,8,11,2,2,0,2,6,38,1089.0
4,48,0,0,5,7,0,2,18,2,34,955.0
4,16,1,1,2,7,0,2,18,2,8,870.0
7,49,3,6,2,16,0,8,16,2,39,1095.0
2,50,1,3,4,9,0,6,9,2,4,389.0
3,51,3,1,2,25,0,6,16,2,8,949.0
5,52,1,1,2,2,0,14,2,1,8,519.0
4,16,1,1,2,7,0,8,8,2,40,855.0
2,53,1,1,2,24,2,6,32,2,8,530.0
1,18,1,6,2,8,0,8,19,2,12,977.0
4,17,0,1,5,8,0,2,8,2,17,1096.16
0,7,0,4,6,31,0,3,12,0,9,1510.0
1,54,1,3,2,8,0,2,2,2,41,860.0
5,55,1,1,2,22,2,0,33,2,8,399.0
2,3,1,1,4,5,2,6,5,2,4,395.0
4,26,3,1,5,25,1,8,31,2,25,1349.0
1,56,0,1,5,7,0,2,34,2,3,699.0
1,2,1,1,2,2,0,2,2,2,42,598.99
3,57,3,1,5,25,1,8,23,2,8,1449.0
4,9,0,0,5,7,0,2,8,2,43,1649.0
3,58,3,1,2,32,0,6,35,2,44,699.0
2,59,1,1,2,7,0,6,7,2,8,689.0
1,60,1,0,2,7,1,3,8,2,29,1197.0
4,26,3,1,2,16,0,2,23,2,25,1195.0
3,61,0,3,2,12,0,2,2,2,45,1049.0
2,62,4,0,7,8,0,2,8,2,46,847.0
4,6,1,1,2,12,0,6,11,4,8,599.9
4,6,1,1,2,9,2,2,11,4,8,485.0
3,63,1,1,2,14,5,2,36,2,24,577.0
1,64,3,1,5,25,4,8,16,2,47,1249.0
1,65,1,1,2,12,0,2,18,2,14,719.0
1,66,1,1,2,17,2,4,17,2,4,349.0
4,35,1,1,2,8,0,6,29,4,8,647.0
1,67,0,0,5,12,0,2,7,2,48,1119.0
8,47,0,8,11,2,0,2,2,6,38,1340.0
1,68,1,3,5,2,5,2,14,2,49,659.0
5,69,1,1,2,9,2,6,9,2,50,414.9
3,70,0,3,5,12,0,2,14,2,6,1193.0
7,71,3,1,2,25,1,11,31,2,8,1299.0
5,72,1,3,5,12,0,2,2,2,49,1480.0
3,73,0,1,2,7,1,11,7,2,46,1262.0
4,9,0,0,12,33,0,2,0,2,51,1379.0
5,74,4,0,7,2,0,2,2,2,0,1399.0
1,75,1,3,13,8,2,4,8,2,41,722.0
4,9,0,0,5,8,0,2,8,2,43,1629.0
1,76,4,0,7,8,0,2,8,2,52,1398.99
1,75,1,3,2,7,0,3,8,2,41,1084.0
4,77,1,1,5,7,0,11,14,2,53,1130.33
3,78,1,6,2,9,2,6,27,2,24,564.0
3,73,1,1,2,7,0,2,14,2,33,1118.0
2,79,1,1,7,14,5,6,2,2,4,479.0
7,80,3,1,2,25,1,12,30,2,35,2241.5
5,52,1,1,2,2,0,2,14,1,8,629.0
1,81,1,6,2,7,1,3,22,2,12,1271.0
2,3,1,1,4,5,2,2,5,2,4,451.0
1,2,1,1,4,30,2,4,15,1,2,259.0
1,75,1,3,2,8,0,6,8,2,41,812.0
3,82,1,3,4,34,2,15,17,6,19,277.99
4,23,1,6,2,7,1,12,18,2,23,1396.0
1,18,1,6,2,8,0,2,8,2,12,928.0
4,83,1,1,4,2,0,6,37,2,54,638.99
4,6,1,1,2,9,2,6,11,2,8,449.0
2,5,0,3,5,7,0,2,8,2,7,884.0
2,84,1,1,2,24,2,2,32,2,8,572.0
1,85,1,1,4,12,0,6,2,2,55,598.0
1,75,1,3,2,7,0,2,8,2,41,988.0
5,86,1,1,4,23,2,6,21,1,36,252.36
3,87,3,6,2,16,0,8,16,2,37,938.0
5,52,1,1,2,2,2,6,27,1,8,499.0
1,88,1,0,5,2,2,2,2,2,56,699.0
2,59,1,6,5,24,2,6,32,2,37,655.0
5,89,1,3,5,8,0,2,38,2,57,1116.02
5,11,3,1,5,25,0,2,39,1,30,869.0
9,90,1,1,4,35,2,4,9,2,4,602.0
1,12,1,1,4,22,2,2,28,2,2,369.0
3,91,0,3,2,7,0,2,8,2,45,1099.0
1,92,0,9,14,36,0,3,40,2,58,2014.0
3,93,1,1,2,23,2,6,21,2,24,344.0
7,94,3,6,2,25,1,11,30,2,59,2029.0
2,95,1,1,4,9,2,6,9,2,4,447.0
4,96,3,1,2,25,1,3,16,2,60,1249.26
4,97,3,1,2,25,0,16,16,2,47,899.0
5,98,1,1,4,2,2,0,2,2,36,498.0
7,99,3,6,2,25,1,11,23,2,23,1890.0
1,100,0,3,2,37,2,2,2,2,61,1082.0
1,101,1,1,2,8,5,2,29,2,14,619.0
5,102,4,3,7,14,2,2,2,2,62,629.0
3,103,4,0,8,8,0,2,2,2,63,1315.0
4,104,4,1,8,7,0,2,8,2,64,1049.0
9,90,1,1,4,38,2,4,9,2,4,447.0
3,105,1,1,4,5,2,6,41,2,65,403.0
2,106,1,6,5,8,2,2,7,2,37,805.0
4,35,1,1,2,8,0,2,29,2,31,728.0
5,11,3,1,5,25,1,2,31,2,12,1079.0
2,107,1,1,4,23,2,6,21,2,4,348.0
7,108,3,1,5,25,1,11,23,2,30,1799.0
2,3,1,1,4,28,2,6,42,2,4,363.51
4,96,3,1,2,25,0,8,16,2,60,1060.49
2,106,1,6,5,8,0,2,7,2,37,854.0
1,34,1,0,5,8,2,4,8,2,29,754.0
10,109,0,10,15,2,0,2,2,2,66,1349.0
1,110,1,6,5,2,5,14,29,2,20,699.0
5,55,1,1,4,39,2,4,28,1,8,309.0
9,90,1,1,4,14,2,4,2,2,24,489.0
1,18,1,6,2,8,0,2,19,2,12,923.0
4,6,1,1,4,14,0,6,2,2,15,459.0
2,95,1,1,4,9,2,0,9,2,4,449.0
7,111,3,11,2,40,6,17,43,2,67,2799.0
5,112,1,1,2,2,0,8,44,2,68,813.0
1,76,4,0,14,8,0,2,8,2,69,1499.0
4,16,1,1,2,7,1,12,18,4,40,1049.0
4,9,0,0,2,8,0,2,8,2,51,1399.0
5,113,4,12,14,7,1,3,8,2,34,1849.0
9,90,1,1,4,2,0,0,2,2,70,793.0
11,114,1,1,5,8,0,2,7,1,71,1199.0
4,29,1,6,8,7,1,3,24,2,26,1549.0
4,115,1,1,16,25,1,3,16,2,72,2397.0
5,11,3,1,5,16,0,2,16,1,30,779.0
2,116,0,0,5,41,0,2,12,2,73,989.0
4,23,1,6,2,7,0,8,18,2,23,1085.0
5,117,4,3,17,12,1,18,2,2,74,2824.0
12,118,1,3,5,23,2,7,21,2,6,260.0
11,114,0,0,5,2,0,2,7,1,6,999.9
5,119,1,6,18,8,0,2,7,1,23,698.0
4,13,4,0,7,7,0,6,8,2,13,839.0
1,18,1,6,5,8,0,6,19,2,12,914.0
13,120,3,6,16,42,6,18,45,2,75,6099.0
1,34,1,0,2,8,0,3,8,2,29,959.0
1,121,3,6,5,25,1,11,16,2,76,1379.0
1,81,1,6,2,7,0,2,22,2,12,1045.0
4,26,3,1,19,25,1,17,23,2,25,1845.0
5,122,1,1,4,35,2,0,9,2,4,493.0
2,123,1,1,2,12,0,6,14,2,77,742.0
5,124,3,1,5,25,1,17,23,2,27,1749.0
4,125,5,1,20,43,1,11,46,2,23,3055.0
5,11,3,1,2,25,1,3,23,1,30,1398.0
4,6,1,1,21,14,5,6,2,2,15,439.0
4,9,0,0,14,7,0,2,8,2,43,1949.0
4,9,0,0,2,7,0,2,8,2,21,1449.0
5,52,1,1,4,2,0,2,2,2,8,597.0
2,126,1,1,2,25,0,6,16,4,30,779.0
3,127,3,6,2,25,1,11,16,2,59,1407.0
1,128,1,1,2,9,2,4,9,1,4,349.0
5,52,1,1,2,2,0,2,2,1,8,549.0
10,109,0,10,15,12,0,3,2,2,66,1499.0
4,48,0,0,5,7,0,2,18,2,34,931.88
5,129,1,6,18,2,0,6,34,1,23,589.0
1,75,1,3,2,7,0,2,19,2,41,1031.0
4,130,0,3,2,8,0,2,8,2,7,1149.0
4,13,4,0,8,7,1,3,8,2,13,1279.0
4,35,1,1,2,8,0,2,29,4,8,677.35
5,102,4,3,5,8,0,2,8,2,62,899.0
9,131,0,0,2,44,0,2,9,2,21,1363.0
1,24,1,1,2,8,0,6,8,2,4,794.0
4,132,3,6,5,25,1,11,23,2,78,2456.34
2,123,1,1,2,12,0,2,14,2,8,832.0
4,83,1,1,8,12,1,6,37,2,15,859.01
3,133,1,1,2,2,0,2,47,2,24,769.0
3,134,1,6,2,2,0,19,48,2,79,891.0
1,135,1,1,2,12,0,6,49,2,36,1269.0
3,136,1,1,4,14,2,6,2,2,80,398.99
1,137,1,1,4,45,2,4,17,2,4,330.0
5,124,3,1,5,25,1,11,23,2,27,1499.0
4,138,1,3,2,2,0,2,2,2,7,859.0
2,139,4,0,7,35,0,2,9,2,7,689.0
4,83,1,1,2,12,1,2,37,4,54,899.0
2,95,1,1,4,9,2,6,9,4,4,390.0
3,140,1,1,2,46,2,8,11,2,8,575.0
3,141,3,6,2,42,6,17,45,2,81,3890.0
2,142,3,1,5,16,0,2,16,2,12,846.0
5,30,1,1,4,9,0,0,9,2,8,589.0
3,143,1,6,2,7,0,8,24,2,4,1145.0
3,144,1,6,2,12,0,8,48,1,79,889.0
4,96,3,1,2,16,0,2,16,2,60,879.0
5,145,4,12,7,12,0,2,2,2,48,1079.0
4,16,1,1,2,7,0,20,18,2,8,985.0
1,146,1,1,21,2,0,6,2,2,5,559.0
3,147,3,6,2,42,1,2,45,2,82,2999.0
1,34,1,0,5,8,2,4,8,2,29,675.0
0,0,0,0,0,4,0,3,4,0,0,2040.0
4,104,4,1,7,7,0,6,8,2,83,819.0
3,148,3,6,2,25,1,11,50,2,84,1799.0
3,149,1,1,4,5,2,6,41,2,85,469.0
5,113,4,12,7,7,0,3,8,2,0,1849.0
2,59,1,6,5,24,2,2,32,2,37,702.0
4,150,0,0,2,8,0,2,8,2,86,949.0
1,151,1,1,4,47,0,0,28,2,14,445.9
1,152,1,6,5,7,1,6,7,2,59,1059.0
7,153,3,6,2,25,1,17,30,2,87,2499.0
5,154,4,1,7,25,0,3,39,2,24,1699.0
4,23,1,6,2,7,0,8,18,2,23,1142.0
5,30,1,1,2,9,2,2,9,1,8,444.0
1,24,1,1,5,8,2,4,2,2,4,722.0
4,155,1,1,2,2,2,6,2,2,88,657.0
4,6,1,1,2,2,0,6,11,2,89,565.0
4,104,4,1,8,8,0,2,8,2,90,799.0
3,103,4,0,8,7,0,21,8,2,63,1499.0
5,52,1,1,2,2,2,6,2,1,8,467.0
1,81,1,6,2,7,0,6,22,2,12,1018.0
5,156,1,1,2,7,0,2,8,2,55,880.0
0,0,0,0,0,48,0,3,51,0,0,1958.9
3,31,3,6,2,27,1,11,26,2,27,1549.0
4,35,1,1,2,7,0,2,29,4,91,735.07
5,157,4,3,17,49,1,3,9,2,92,2499.0
9,90,1,1,4,44,0,4,52,2,8,812.0
4,83,1,1,4,12,4,6,2,2,15,713.07
4,23,1,6,2,7,0,8,18,4,23,1099.0
2,28,1,1,5,7,0,6,32,2,8,745.0
5,158,1,6,18,9,2,6,9,2,23,489.0
5,119,1,6,2,7,0,14,7,1,23,849.0
5,129,1,6,18,12,5,8,14,2,23,859.0
4,6,1,1,2,50,2,6,11,4,93,428.0
5,11,3,1,5,16,0,2,16,2,12,829.0
5,159,1,1,2,2,5,2,2,2,8,579.0
2,106,1,1,5,7,0,2,7,2,37,951.0
2,160,1,1,7,12,4,6,2,2,94,659.0
5,161,1,1,5,12,0,2,53,2,71,1097.0
3,73,0,1,2,2,0,2,14,2,33,977.0
5,11,3,1,5,25,1,11,31,2,12,1179.0
5,8,1,1,2,12,0,6,14,1,8,659.01
2,162,1,1,4,51,3,22,20,7,95,199.0
3,163,3,6,2,25,0,6,16,2,37,1187.0
1,164,1,6,18,9,0,6,9,2,96,489.0
4,115,1,1,2,25,0,2,16,2,24,1829.0
5,165,1,1,2,8,0,2,8,2,55,739.0
5,124,3,1,5,25,0,6,23,2,27,1299.0
2,166,1,1,2,25,0,2,31,4,12,979.0
4,167,5,6,2,52,1,2,46,2,97,2884.86
5,168,1,1,2,53,5,6,54,2,30,499.0
3,169,0,1,2,12,1,3,14,2,41,1468.0
3,170,1,3,4,14,2,0,2,2,6,509.0
3,171,3,6,2,25,1,11,30,2,59,2122.0
5,129,1,6,18,2,5,6,55,2,23,649.0
5,52,1,1,4,2,0,14,14,1,8,549.0
3,172,3,1,2,25,0,8,31,2,12,1265.0
5,173,1,1,4,28,2,6,42,1,8,359.99
1,174,4,0,8,54,1,2,2,2,98,1975.0
9,90,1,1,5,44,0,2,52,2,8,1043.0
5,8,1,1,2,2,0,8,14,2,15,819.0
1,2,1,1,2,9,2,6,9,2,2,469.0
5,175,1,0,5,2,0,2,2,2,63,999.0
4,9,0,0,14,7,1,18,8,2,43,2499.0
7,176,3,1,5,25,1,11,30,2,23,2099.0
2,177,1,1,2,55,0,2,5,2,77,469.0
3,178,4,5,21,23,3,7,21,2,63,275.0
4,16,1,1,2,8,0,8,18,2,99,844.0
1,76,4,0,14,7,1,18,8,2,69,2449.0
5,179,1,0,4,56,2,23,56,7,100,459.9
1,180,1,3,2,2,0,2,2,2,71,980.0
2,181,1,5,4,57,2,1,57,2,34,485.0
1,182,1,3,2,12,0,2,2,2,61,1292.0
5,129,1,6,18,2,2,6,27,2,101,589.0
3,183,1,3,2,12,0,2,2,2,24,1094.0
1,24,1,1,22,7,0,6,8,2,4,902.0
2,59,1,1,4,58,0,2,58,2,8,659.0
5,22,1,3,4,23,2,7,21,2,22,292.0
2,184,1,1,4,2,5,6,2,2,77,549.0
3,73,0,1,2,12,0,2,14,2,33,1049.9
1,185,0,9,2,12,0,2,2,2,52,1335.0
4,115,1,1,16,25,6,18,16,2,72,2639.0
7,186,3,6,2,25,0,11,31,2,39,1199.0
9,90,1,1,5,2,0,2,2,2,70,943.0
3,187,1,3,2,12,0,11,2,2,24,1334.0
5,188,1,1,2,9,2,6,9,2,50,449.0
3,189,3,1,2,25,0,2,16,2,12,999.0
1,100,1,3,2,59,0,2,2,2,61,1268.0
4,77,0,1,5,8,0,8,14,2,36,1049.0
1,190,1,1,2,2,0,2,2,2,102,1144.0
3,191,1,1,4,23,2,6,21,4,24,274.99
4,77,1,1,2,8,0,2,14,2,24,1142.75
4,192,1,1,4,30,2,4,20,4,8,274.9
5,193,1,1,2,60,4,14,18,2,8,899.0
1,24,1,1,5,14,0,6,22,2,4,716.0
5,113,4,12,14,7,1,3,8,2,34,2099.0
4,9,0,0,2,7,0,2,8,2,21,1579.0
5,11,3,1,5,25,1,12,31,2,30,1129.0
1,194,1,3,4,30,3,7,15,2,22,279.0
4,17,0,1,2,19,1,24,8,2,17,1607.96
3,178,4,5,21,23,2,7,21,2,46,375.0
4,16,0,1,2,8,0,6,18,2,36,663.0
4,115,1,1,16,25,1,3,16,2,72,2027.42
1,190,1,1,2,12,0,2,2,2,102,1304.0
7,195,3,6,2,25,0,8,23,2,39,1409.0
1,196,5,1,2,25,0,2,46,2,103,1738.27
9,197,1,1,5,44,1,3,52,2,30,1403.0
4,16,1,1,2,7,0,20,18,2,40,970.9
5,173,1,1,4,23,2,6,21,1,8,321.99
4,26,3,1,2,16,0,6,16,2,25,999.0
4,6,1,1,21,2,0,14,2,2,54,557.37
4,198,1,3,2,59,0,2,2,2,92,1427.0
1,2,1,1,4,9,2,4,9,2,2,439.0
3,199,1,3,2,2,0,2,2,2,24,945.0
5,129,1,6,18,2,5,8,34,2,23,719.0
1,2,1,1,2,2,0,6,2,2,2,639.0
5,30,1,1,4,9,0,2,47,1,8,499.0
1,200,1,1,4,57,0,14,57,2,5,389.0
4,23,1,6,2,8,0,8,18,2,23,1085.0
5,11,3,1,5,16,0,8,16,1,30,809.0
4,83,1,1,2,12,0,2,37,2,99,899.0
1,201,0,3,5,12,0,2,2,2,92,1750.0
3,103,4,1,8,12,4,25,59,2,104,1099.0
2,3,1,1,4,5,2,0,5,2,4,426.0
3,31,3,6,5,27,1,11,26,2,105,2199.0
5,202,1,6,18,55,2,0,5,2,103,489.0
4,13,4,0,8,7,0,2,8,2,13,869.01
1,203,1,1,2,5,2,2,5,2,14,488.99
5,204,2,5,13,61,2,0,21,2,106,553.0
4,192,1,1,4,62,2,4,15,2,35,309.0
3,205,1,3,4,23,2,7,21,2,46,286.0
2,126,1,1,2,25,0,6,16,4,30,846.0
1,206,3,6,5,25,0,8,16,2,76,1191.0
5,207,1,1,2,9,2,0,9,1,50,403.5
3,208,3,1,5,25,0,8,23,2,15,1655.0
5,209,1,3,5,2,0,2,14,2,46,1099.0
3,210,0,0,8,12,1,3,2,2,63,1748.9
5,211,0,3,23,12,0,3,2,2,107,2282.0
5,212,1,0,5,14,2,0,2,2,46,549.0
4,213,5,1,2,63,0,4,60,2,77,1369.0
4,214,5,1,5,64,0,2,46,2,24,2135.0
5,157,4,3,17,12,1,3,2,2,74,2509.0
3,215,3,6,2,25,0,6,16,2,37,1039.0
3,216,3,6,2,25,1,11,31,2,37,1591.0
2,59,1,1,13,8,4,6,32,2,8,693.99
7,217,3,6,2,25,0,2,31,2,39,1349.0
4,83,1,1,2,12,0,2,37,4,99,778.87
1,218,0,1,2,5,2,2,29,2,14,499.0
5,219,1,1,5,7,0,2,38,2,4,1229.56
5,220,1,3,5,2,0,2,2,2,36,938.0
4,221,5,1,16,25,0,2,46,2,108,2712.0
5,211,0,3,23,12,1,18,2,2,107,2625.0
5,173,1,1,4,23,2,6,21,2,8,306.0
3,222,3,6,2,25,1,11,16,2,59,1529.0
5,219,1,1,5,8,0,11,38,2,4,1144.5
2,126,1,1,2,25,0,2,16,4,12,879.0
7,223,3,6,2,25,1,11,30,2,23,2249.0
3,224,0,3,2,12,0,3,2,2,109,1873.0
9,225,0,0,2,44,1,3,9,2,21,1747.0
4,198,0,3,2,54,0,3,20,2,92,1680.0
5,30,1,1,2,9,2,4,9,2,8,409.0
5,226,1,5,4,23,3,7,21,2,110,304.45
5,227,5,1,2,25,0,3,46,2,90,1925.0
5,228,0,3,24,25,0,3,59,2,33,1943.0
1,229,1,1,2,9,2,6,29,2,4,469.0
2,139,4,0,7,44,0,2,9,2,7,789.01
3,103,4,0,7,2,0,2,2,2,111,928.0
4,6,1,1,2,2,2,2,11,4,15,598.9
4,230,1,0,4,9,2,0,9,2,19,689.0
1,231,0,3,2,44,0,2,9,2,112,1500.0
4,6,1,1,4,2,0,6,2,2,91,539.95
5,89,0,3,5,7,0,2,38,2,57,1215.38
5,154,4,1,14,25,1,3,16,2,24,1899.0
6,232,1,13,25,61,5,10,21,2,34,449.0
1,233,1,1,2,52,0,2,53,2,113,1427.0
3,234,1,1,2,14,0,6,14,4,15,597.0
4,132,3,6,23,42,1,11,30,2,78,2799.0
4,26,3,1,5,25,0,8,31,2,47,1159.0
4,16,1,1,2,7,0,12,18,2,40,1142.4
4,235,0,3,2,54,0,2,2,4,7,1099.0
1,236,3,6,2,25,4,11,30,2,76,1999.0
14,237,4,5,7,23,2,13,21,2,114,299.0
15,238,2,5,4,30,2,23,15,7,110,269.0
5,239,1,0,5,12,0,2,2,2,34,1010.0
5,240,1,3,5,24,2,0,2,2,33,599.0
5,161,5,1,19,54,1,3,14,2,15,2445.0
5,241,1,1,2,52,1,3,61,2,12,2449.0
3,31,3,6,2,65,0,11,26,2,27,1695.0
1,242,1,1,4,30,2,4,15,2,4,347.0
16,243,0,13,26,66,1,3,12,7,63,2199.0
5,244,0,3,27,12,7,3,2,2,56,2382.0
3,37,1,1,2,2,2,2,2,4,24,559.0
5,55,1,6,18,22,0,6,62,2,23,519.0
4,16,1,1,2,8,2,2,18,2,8,749.0
5,245,0,9,5,2,0,2,2,2,92,1429.0
5,173,1,1,2,28,2,0,42,2,8,349.0
1,246,3,1,5,25,0,8,16,2,8,1099.0
4,235,1,3,2,67,0,2,19,2,115,1179.0
2,247,1,1,4,2,2,4,2,4,30,441.8
4,248,5,1,2,43,0,26,63,2,77,1993.0
7,249,3,1,2,16,0,2,16,2,8,1027.74
8,47,0,8,11,68,1,3,0,6,45,2589.0
1,250,1,1,4,2,0,0,2,2,14,589.0
4,248,5,1,5,64,1,2,63,2,116,1975.0
1,233,5,1,5,52,0,3,2,2,113,1534.0
5,251,1,3,2,2,0,2,2,2,19,1345.0
4,16,1,1,2,7,0,8,18,2,54,979.0
4,252,4,5,21,57,2,4,57,2,117,479.0
4,132,1,6,5,69,0,6,23,2,78,2046.0
8,47,0,8,11,70,2,0,12,6,38,989.0
8,47,0,8,11,68,0,2,0,6,45,1799.0
1,253,1,6,18,9,0,2,9,2,12,639.9
2,123,1,1,2,9,2,6,14,2,77,544.0
2,181,2,5,4,30,2,0,15,2,34,435.0
3,254,1,1,2,2,0,6,2,2,80,749.0
5,255,1,3,5,12,0,3,64,1,46,799.0
5,241,1,1,2,52,0,2,61,2,90,2090.0
3,256,1,1,4,28,2,4,21,2,24,304.0
2,59,1,1,4,9,2,4,34,2,8,469.0
4,16,1,1,2,8,0,14,18,2,40,759.0
1,257,3,6,5,25,4,6,23,2,118,1699.0
5,258,0,3,28,49,4,2,9,2,34,1858.0
1,76,4,0,14,7,0,3,8,2,69,1999.0
1,135,1,1,2,2,0,4,49,2,36,1154.0
16,243,0,13,26,71,0,0,12,7,63,1275.0
4,259,0,0,8,8,0,2,8,2,74,1841.85
3,43,1,1,19,72,4,8,65,2,72,1299.0
4,260,1,3,4,73,0,0,9,2,119,740.0
4,221,5,1,2,25,0,2,46,2,108,2408.0
5,72,1,3,2,2,0,27,2,2,33,1364.0
4,35,1,1,2,8,0,6,29,2,8,675.0
9,261,1,0,5,2,0,2,2,2,66,1672.0
4,77,1,1,5,7,0,3,14,2,53,1262.0
4,155,1,1,4,14,2,6,2,2,88,586.6
1,34,1,0,5,8,2,0,8,2,29,726.0
6,262,1,1,2,15,2,10,20,2,18,248.9
5,263,1,1,4,50,2,0,9,2,15,565.0
5,89,1,3,5,8,0,2,8,2,57,1049.0
4,248,5,1,5,64,1,3,63,2,116,2338.0
4,115,1,1,2,25,1,3,16,2,72,1899.0
5,264,0,9,5,12,1,3,2,2,92,1798.0
3,265,0,9,2,12,1,3,2,2,120,1950.0
5,266,1,1,5,2,0,2,14,2,15,1011.99
9,267,0,0,8,12,6,3,2,2,66,2799.0
3,143,3,1,2,25,0,8,16,2,121,1350.0
2,59,1,1,4,74,0,6,58,2,8,579.0
3,268,3,6,7,72,7,11,66,2,122,1269.0
5,269,0,9,13,35,0,27,9,2,6,1099.0
5,270,1,1,2,7,0,2,8,2,116,898.9
1,100,1,3,2,54,0,18,2,2,61,1749.0
5,179,1,0,5,14,0,2,2,2,34,949.0
5,271,1,1,5,2,0,2,2,2,15,911.0
3,272,2,5,4,23,2,10,21,6,21,340.0
1,273,1,1,4,2,0,2,29,2,14,618.99
5,113,4,12,7,8,0,2,8,2,34,1599.0
5,274,1,3,4,23,2,4,21,2,4,299.0
5,275,2,5,4,30,2,22,15,7,45,265.0
5,179,1,0,2,2,0,2,2,2,22,949.0
3,276,1,1,2,12,0,11,2,2,24,1224.0
2,277,1,1,5,8,2,6,7,2,8,613.0
1,278,0,0,5,12,0,3,2,2,1,1323.0
5,11,3,1,5,25,0,11,23,1,30,1149.0
4,9,0,0,7,2,0,0,2,2,69,899.0
2,28,1,1,2,12,2,4,14,2,8,639.0
4,279,1,1,2,2,0,6,2,2,88,836.0
4,16,1,1,2,7,1,12,18,2,8,1219.24
11,114,1,1,5,7,1,2,7,1,71,1399.95
3,280,2,5,4,23,3,7,21,2,63,245.0
1,281,1,1,21,8,2,6,8,2,5,521.47
3,282,3,1,2,25,7,3,67,2,89,2968.0
1,283,1,1,2,2,0,2,19,2,5,889.0
3,284,3,6,2,25,1,11,68,2,37,1504.0
5,124,3,1,5,25,0,11,23,2,27,1399.0
1,285,0,0,5,12,0,2,2,2,56,1399.0
4,235,1,3,2,59,0,2,2,2,115,1279.73
1,54,1,1,4,9,2,0,9,2,41,689.0
4,23,1,6,5,8,0,8,18,4,23,889.0
5,220,1,3,2,35,0,2,9,8,40,1340.0
5,8,1,1,2,12,2,6,27,2,8,799.0
5,30,1,1,4,9,0,14,47,1,8,459.0
4,6,1,1,2,2,2,4,11,2,15,585.0
4,286,1,1,2,67,0,2,2,2,36,1377.0
4,132,3,6,5,25,1,8,30,2,78,3012.77
9,90,1,1,5,2,0,4,2,2,70,860.0
3,287,1,1,19,12,0,11,69,2,24,1299.0
14,288,1,0,5,61,2,13,21,2,21,369.0
3,208,3,1,5,16,0,8,23,2,15,1649.0
4,286,1,1,2,54,0,2,19,2,123,1369.0
4,16,1,1,2,8,0,2,18,2,8,797.41
1,2,1,1,2,57,2,2,57,2,2,398.99
1,289,3,6,2,25,4,6,23,2,47,1799.0
5,290,1,3,5,12,0,2,14,2,124,859.0
4,9,0,0,12,7,0,2,8,2,21,1399.0
4,138,1,3,2,9,2,0,9,2,7,735.87
1,291,0,0,29,12,0,2,2,2,1,1145.0
2,126,3,1,2,16,0,6,16,4,30,798.0
3,292,1,1,4,75,2,4,70,2,24,349.0
1,24,1,1,2,14,2,0,2,2,4,705.5
5,293,1,3,2,2,2,4,2,2,124,785.0
5,294,1,1,2,35,2,6,9,1,94,462.35
1,2,1,1,2,9,2,4,9,2,2,397.0
5,295,1,1,5,12,0,3,2,2,121,1729.0
5,30,1,1,2,9,2,0,9,2,8,499.0
4,286,1,1,2,2,0,2,2,2,36,1116.99
4,132,3,6,5,25,1,11,30,2,78,2699.0
1,296,1,6,18,9,0,6,9,2,25,544.15
1,18,1,6,2,12,0,6,19,2,125,1280.0
3,297,1,1,4,23,2,4,21,4,24,224.0
14,298,1,0,5,15,2,7,20,2,16,255.0
5,129,1,6,18,12,5,8,14,2,23,949.0
1,299,1,1,5,46,5,0,18,2,14,568.9
4,155,1,1,4,9,2,6,41,2,88,617.9
2,300,4,5,7,76,2,7,21,2,45,349.0
5,301,1,1,2,24,2,0,2,2,55,630.0
1,302,0,0,30,36,1,3,40,2,114,1965.0
5,303,1,6,5,25,0,2,71,2,126,2999.0
3,304,1,1,2,16,0,8,16,2,12,839.0
4,9,0,0,14,8,0,0,8,2,43,1599.0
4,286,1,1,4,59,2,4,2,2,123,959.0
17,305,1,1,4,2,0,6,2,2,8,739.0
5,173,1,1,2,28,2,4,42,2,8,344.0
5,220,1,3,4,2,2,4,2,2,40,990.0
1,306,5,6,18,67,0,4,46,2,127,1860.99
1,307,1,3,4,57,0,14,57,2,128,389.0
1,308,1,1,5,77,5,2,18,2,71,649.0
5,266,1,1,2,2,0,2,2,2,15,830.0
5,309,1,1,2,8,2,4,2,2,55,685.0
14,310,1,3,2,15,2,13,20,2,34,249.0
9,311,0,3,8,12,1,3,2,2,129,1865.0
5,312,3,6,5,78,6,11,30,2,130,2663.0
7,313,3,6,2,42,1,17,30,2,87,2729.0
4,6,1,1,2,12,0,2,11,4,8,749.01
14,288,1,3,5,61,2,13,21,2,100,389.0
4,286,1,1,4,59,0,4,2,2,36,1008.52
1,34,1,0,2,14,2,0,2,2,29,719.0
4,286,1,1,2,54,1,2,19,2,123,1537.39
4,314,2,5,4,30,2,23,15,7,52,295.0
7,315,3,6,2,78,1,8,50,2,131,2349.0
1,316,3,6,5,25,1,11,16,2,118,1498.0
5,258,0,3,5,49,4,2,9,2,34,1673.0
5,317,1,1,21,7,4,6,2,2,8,609.0
3,208,3,6,5,16,0,8,23,2,132,1770.0
3,318,4,1,21,2,0,6,9,2,8,739.0
5,193,1,1,2,60,4,3,18,2,8,949.0
4,319,4,5,21,79,2,0,12,2,133,603.0
15,320,1,1,2,25,1,8,16,2,12,1699.0
5,321,1,6,2,9,2,4,9,1,23,529.0
5,322,1,1,4,73,0,6,9,2,134,459.0
5,74,4,0,7,12,0,3,2,2,0,2025.0
5,228,1,3,5,16,0,2,53,2,33,1474.0
4,323,4,9,8,2,0,2,2,2,1,1670.0
4,248,5,1,8,25,0,2,63,2,72,1763.0
1,324,1,1,2,12,0,2,2,2,102,1219.0
1,24,1,1,4,14,2,4,2,2,4,668.48
2,325,1,3,2,61,2,7,21,2,7,329.0
7,326,3,6,2,78,1,8,72,2,87,2199.0
4,155,1,1,4,9,2,6,41,4,88,465.0
7,327,3,1,20,25,1,12,23,2,35,2299.0
9,328,1,1,5,44,0,2,9,2,8,1399.0
5,329,1,1,2,2,5,6,2,2,30,564.0
5,154,4,1,7,25,0,2,53,2,24,1299.0
2,330,1,3,4,57,2,1,57,2,7,349.0
5,241,1,1,19,80,6,18,61,2,12,4899.0
4,331,3,1,2,72,1,6,73,2,135,879.01
4,155,1,1,4,50,2,6,9,4,88,443.9
4,6,1,1,4,50,2,6,9,4,93,359.0
4,286,1,1,4,59,2,4,2,4,123,869.0
3,332,3,6,2,25,0,8,16,2,37,1168.0
4,155,1,1,2,2,2,0,41,4,88,569.0
1,324,0,1,2,12,0,3,2,2,102,1389.0
7,333,3,1,2,25,1,11,30,2,136,2267.86
2,334,4,5,31,81,2,7,15,7,45,379.0
1,233,1,3,4,59,0,2,2,2,113,1124.0
5,251,1,3,2,35,0,2,9,8,19,1465.0
4,16,1,1,2,8,2,6,18,2,8,776.0
17,335,1,1,4,2,0,2,2,2,8,799.0
1,324,1,1,4,35,2,4,9,8,17,932.0
5,8,1,1,2,12,0,6,27,2,8,899.0
14,336,1,3,2,15,3,7,20,2,34,239.0
5,52,1,1,2,2,2,0,2,1,8,468.0
3,337,4,0,8,2,5,6,2,2,46,639.01
4,115,1,1,2,25,0,2,16,2,24,1820.0
3,338,0,3,2,12,1,3,2,2,63,1900.0
4,97,3,1,2,25,1,11,31,2,47,1479.0
5,339,1,1,2,8,2,2,8,2,35,829.0
5,340,1,1,2,9,2,6,47,2,8,579.0
3,341,1,1,4,23,0,6,21,2,24,399.0
3,143,1,1,2,16,0,6,16,2,121,906.62
4,9,0,0,12,8,0,2,8,2,51,1869.0
5,342,1,3,4,30,3,7,15,2,74,249.0
5,117,4,0,7,12,0,2,2,2,0,1757.42
4,115,1,1,16,25,1,18,16,2,72,2399.0
5,11,3,1,5,25,0,8,39,2,12,1109.0
1,343,1,14,18,5,0,6,5,2,103,520.9
5,157,0,3,5,12,1,3,2,2,137,2450.0
3,344,3,1,5,25,0,6,31,1,12,1169.0
2,345,1,1,4,9,2,4,9,2,30,450.0
5,342,1,3,4,30,2,7,20,2,112,274.0
2,5,0,3,5,2,0,2,74,2,35,919.0
13,120,3,3,2,25,1,2,23,2,71,2599.0
9,346,1,0,2,35,0,2,9,2,21,1213.0
5,264,0,9,5,12,0,2,2,2,92,1584.0
3,347,3,6,5,78,6,3,45,2,138,2799.0
2,348,3,1,2,16,0,6,16,4,30,709.0
4,9,0,0,2,8,0,2,8,2,21,1449.9
7,349,3,1,2,25,0,8,31,2,8,1191.8
1,2,1,1,4,9,2,4,9,1,2,364.9
9,350,1,1,5,2,0,4,2,2,70,1064.0
4,16,1,1,2,7,0,2,18,2,8,919.0
4,16,1,1,2,7,1,12,18,2,8,1135.0
5,351,3,1,5,72,0,8,75,2,139,1196.0
4,132,3,6,19,25,6,17,30,2,78,3147.37
4,352,1,3,2,82,0,2,9,2,64,1229.0
5,353,1,1,4,23,2,4,21,2,8,419.0
5,30,1,1,2,35,2,4,9,2,8,535.0
1,354,1,1,32,9,5,6,11,2,5,539.0
7,355,3,6,2,25,0,8,23,2,39,1486.77
9,90,1,1,4,83,2,0,9,2,4,498.0
4,356,1,1,2,2,0,6,2,2,72,955.0
1,357,1,1,2,12,0,6,18,2,4,745.0
9,358,1,1,5,2,0,2,2,2,70,1258.0
2,3,1,1,4,9,2,0,9,4,4,412.0
8,47,0,8,11,54,0,2,0,6,38,1867.85
5,359,1,1,2,2,0,8,11,2,68,817.95
5,360,4,0,7,2,0,2,2,2,6,1034.0
5,55,1,1,4,84,2,0,70,2,8,349.0
1,361,4,3,7,14,2,0,14,2,41,699.0
7,362,3,1,2,25,1,11,16,2,30,1294.0
3,224,0,3,2,2,0,2,2,2,63,1135.0
1,363,4,5,21,23,0,10,21,7,34,495.0
18,364,0,1,5,7,0,3,2,2,140,2299.0
2,365,3,1,2,16,1,2,31,2,12,1299.0
7,366,3,1,2,16,0,2,16,2,8,997.9
3,367,1,1,4,23,2,0,21,2,2,419.0
4,368,3,1,2,16,1,8,23,2,141,2051.0
1,369,1,6,5,9,2,2,76,2,12,699.0
5,370,4,0,7,7,0,3,8,2,142,1499.0
4,368,3,1,2,42,1,11,30,2,75,2813.75
1,2,1,1,4,2,2,4,29,2,2,612.61
4,6,1,1,4,9,2,6,11,2,8,545.67
1,371,1,6,5,53,5,14,77,2,25,569.0
5,372,1,1,4,56,2,4,56,2,4,318.0
2,373,1,3,4,56,2,7,56,7,100,375.0
5,374,1,3,2,2,2,2,2,2,33,699.0
1,306,5,6,2,25,0,4,46,2,127,1907.99
5,157,4,3,17,12,0,2,2,2,74,2590.0
9,90,1,0,5,2,0,2,2,2,46,973.0
2,375,2,5,4,85,2,7,20,2,34,269.0
5,145,4,3,8,12,1,3,2,2,48,1749.0
3,376,4,9,8,86,2,10,40,7,21,669.0
9,377,0,0,8,44,1,3,9,2,92,1877.0
1,378,1,1,5,12,2,4,18,2,4,689.0
4,96,3,1,2,16,0,6,16,2,60,819.0
5,55,1,1,2,87,2,2,18,2,8,399.0
5,193,1,1,4,60,0,6,78,2,8,429.0
5,379,1,1,2,2,2,28,2,2,4,621.45
5,380,1,1,4,9,2,4,9,1,68,450.0
4,279,1,1,2,2,0,2,2,2,88,795.0
2,62,4,0,7,8,0,2,8,2,7,999.0
5,381,5,1,2,44,1,3,79,8,88,1855.0
5,382,1,3,2,88,0,2,9,2,35,1191.0
1,383,1,6,5,74,5,14,18,2,20,655.01
5,11,3,1,5,25,0,8,31,2,12,1249.0
4,235,1,3,2,67,0,2,19,4,115,1089.0
4,279,1,1,2,2,0,6,2,4,143,726.0
3,205,1,3,2,23,2,7,21,2,46,298.0
4,286,1,1,2,59,1,3,2,2,123,1426.66
5,290,1,3,5,2,0,2,27,2,124,857.07
4,286,1,1,2,59,0,2,2,2,36,1179.0
5,384,1,1,4,89,2,4,62,2,95,298.0
14,385,1,3,33,90,2,29,15,2,34,265.0
1,18,1,6,2,12,0,2,19,2,125,1200.0
5,157,0,3,28,44,0,3,9,2,144,1686.64
1,361,4,0,31,2,0,2,2,2,49,836.6
5,244,0,3,5,2,0,2,2,2,56,1499.0
4,132,3,6,20,25,6,30,30,2,145,3659.4
7,186,3,6,2,25,0,8,31,2,39,1348.48
5,386,1,1,4,2,2,6,2,1,36,489.9
4,16,1,1,2,8,0,8,18,2,8,719.0
4,387,4,0,8,14,2,6,2,2,146,649.0
4,83,1,1,4,2,0,6,37,4,147,589.52
1,388,1,1,2,5,2,6,29,2,4,489.0
2,389,3,6,5,72,1,8,23,2,148,1935.0
4,6,1,1,4,2,4,6,2,2,93,649.0
1,390,1,1,2,77,5,8,29,2,4,650.0
2,391,1,1,4,2,2,4,2,2,30,559.0
5,179,1,0,5,2,0,2,2,2,22,960.0
5,392,1,1,2,12,2,6,2,2,50,779.0
1,393,5,1,2,25,1,2,80,2,103,2419.0
4,13,4,0,8,8,0,6,8,2,149,659.0
7,327,3,1,2,25,1,11,23,2,35,2094.48
2,247,1,1,4,9,2,4,9,2,30,410.8
4,394,1,1,2,12,0,8,14,2,70,1207.0
4,155,1,1,4,9,0,2,9,2,24,665.0
9,395,1,3,7,2,0,2,2,2,45,1535.0
5,396,4,3,8,2,0,2,2,2,33,999.0
5,397,5,1,19,54,1,18,79,2,12,3299.0
2,373,1,3,4,30,3,7,15,7,85,330.0
15,398,0,0,2,12,1,2,2,2,150,1649.0
1,2,1,1,2,9,0,2,9,2,2,539.0
4,235,1,3,4,2,0,2,2,2,7,1126.71
1,399,5,6,5,91,1,2,81,8,37,4389.0
5,400,2,5,21,30,2,0,15,2,34,475.0
1,324,1,1,2,82,0,2,9,2,102,1900.0
3,401,1,1,4,88,2,6,48,1,44,579.0
5,402,0,3,2,35,2,27,9,2,33,1096.0
3,403,1,1,4,12,2,2,2,2,80,849.9
5,404,4,0,30,92,0,2,82,2,6,1199.0
1,405,1,1,5,16,0,8,16,2,8,1099.0
1,393,5,1,2,72,0,2,83,8,135,1561.0
4,132,3,1,19,25,1,11,30,2,78,2868.99
2,3,1,1,4,2,2,2,2,2,4,599.0
5,11,3,1,5,25,0,8,16,2,12,1048.0
4,406,0,9,2,54,1,2,2,2,151,1859.0
16,243,0,13,26,71,0,2,12,7,63,1559.0
3,407,0,0,29,2,0,2,2,2,21,1129.0
4,230,1,0,4,9,2,4,9,2,19,849.0
2,408,1,0,4,35,2,0,9,2,7,655.0
3,409,1,6,4,28,2,6,27,2,23,470.34
4,331,3,1,34,72,1,8,69,2,152,1099.0
15,398,0,0,8,12,0,2,2,2,153,1599.0
2,107,1,1,4,28,2,6,42,4,4,298.0
4,83,1,1,2,12,1,2,37,2,15,1181.27
15,398,4,15,8,12,1,2,84,2,146,1799.0
9,410,1,3,13,35,2,0,9,2,57,1020.0
4,97,3,1,2,25,0,6,16,2,47,1099.0
1,411,0,9,4,35,2,2,9,2,52,1244.0
3,412,4,1,8,12,4,14,14,2,15,839.0
5,413,1,1,20,64,1,3,81,8,12,2370.0
2,5,1,3,5,14,2,0,2,2,35,636.0
13,120,3,3,2,25,1,3,23,2,71,2899.0
3,414,1,1,32,93,0,0,42,2,24,581.9
4,132,3,6,5,25,6,30,85,2,78,3588.8
3,415,3,6,5,72,1,11,30,2,84,2350.0
9,416,0,3,5,49,1,3,52,2,117,1764.0
5,417,1,1,4,94,0,6,57,1,8,329.0
5,244,0,3,2,12,1,3,2,2,33,2299.0
7,418,3,3,5,25,1,11,23,2,7,1891.0
7,419,3,1,2,16,0,8,16,2,8,1089.0
5,11,3,1,5,25,2,6,16,2,30,999.0
2,420,3,6,5,25,1,11,23,2,148,2299.0
4,97,3,1,2,16,0,2,16,2,47,985.0
3,421,3,1,2,25,0,8,86,2,89,1339.0
12,422,1,3,32,23,2,7,21,2,10,202.9
5,74,4,0,7,12,0,3,2,2,0,1970.0
5,423,4,1,8,2,0,2,64,2,83,959.0
0,7,0,4,6,95,0,31,87,3,154,1165.0
5,157,4,3,35,2,0,2,2,2,74,2330.0
3,424,1,3,4,23,2,7,21,2,41,299.0
4,356,1,1,4,2,0,0,2,2,71,810.0
5,145,4,12,7,12,0,2,2,2,48,1349.0
4,279,1,1,2,9,0,2,88,2,24,739.0
1,306,5,1,2,25,0,2,80,2,127,2064.9
3,425,1,1,2,2,0,2,2,2,80,1099.0
4,9,0,0,2,2,0,2,2,2,69,1499.0
4,115,1,1,16,16,0,2,16,2,72,1749.0
4,426,2,5,4,28,2,0,42,2,41,744.0
1,411,2,9,4,59,0,2,2,2,52,1389.0
9,90,1,1,4,35,2,4,9,2,4,780.0
1,427,1,1,4,96,0,14,89,2,5,629.0
4,97,3,1,20,25,1,3,31,2,47,1679.0
5,329,1,1,2,2,2,6,36,2,30,609.0
1,428,3,6,5,25,4,6,26,2,155,1749.0
7,94,3,6,2,25,1,17,30,2,59,2415.0
15,398,0,0,2,2,0,2,2,2,150,1499.0
4,279,1,1,2,12,0,6,59,2,143,961.0
4,155,1,1,2,2,0,2,41,2,88,789.81
5,429,0,3,2,12,0,2,2,2,56,1859.0
13,430,0,9,14,97,1,3,2,2,69,1799.0
1,314,2,5,4,30,2,23,15,7,51,385.0
4,132,3,6,5,25,1,8,23,2,145,2505.02
4,431,1,3,4,35,2,4,9,2,156,755.0
5,432,1,1,4,9,2,4,9,2,4,489.9
9,433,0,3,4,2,2,0,2,2,45,1090.0
5,211,0,3,5,12,0,3,2,2,107,2499.0
7,434,3,1,2,16,0,2,16,2,30,1199.0
5,157,0,3,5,2,0,5,2,2,107,1875.0
9,90,1,3,4,98,2,0,56,2,57,499.0
3,103,4,0,36,2,0,2,2,2,63,1358.0
4,431,1,3,4,9,2,4,9,2,156,585.0
2,314,2,5,13,30,2,7,15,7,16,355.0
2,5,1,3,5,14,0,0,2,2,46,619.0
13,120,3,6,16,42,6,3,45,2,75,5499.0
5,211,0,3,28,49,1,3,9,2,63,2099.0
3,37,1,1,2,2,2,6,90,4,4,519.0
5,402,1,3,2,35,0,2,9,2,33,1186.0
5,244,1,3,5,59,0,2,2,2,56,1650.0
4,368,3,1,2,25,1,11,30,2,141,2774.63
3,435,3,6,2,25,1,11,30,2,59,2419.0
9,90,1,1,4,14,2,4,2,2,70,669.0
5,436,1,3,4,81,2,23,15,7,46,325.0
3,437,1,1,2,2,0,32,2,2,15,590.0
3,438,3,6,2,72,1,17,23,2,132,1799.0
4,132,3,6,5,25,6,17,30,2,78,3072.89
1,18,1,6,18,2,0,6,19,2,125,910.0
4,155,1,1,4,2,0,0,2,2,88,713.99
1,100,0,3,2,44,0,3,9,8,157,1870.0
4,155,1,1,2,12,2,2,41,2,88,739.0
1,363,4,5,21,23,2,7,21,7,34,615.0
3,439,0,0,5,35,0,3,91,2,100,1026.0
1,174,4,0,8,2,0,2,2,2,98,2277.0
1,100,0,3,2,44,0,3,9,2,157,1468.0
1,2,1,1,4,30,2,0,15,1,2,299.0
3,440,3,1,2,25,1,8,23,2,4,1899.0
4,441,1,6,2,12,0,6,37,4,158,865.0
5,442,0,3,5,25,0,2,59,2,42,1903.0
3,443,1,1,5,12,0,2,92,2,15,787.0
4,286,1,1,2,2,0,0,2,2,36,945.0
3,444,1,1,4,28,2,6,42,2,24,449.0
1,174,4,0,8,54,0,2,2,2,98,2559.0
4,445,1,0,8,35,0,6,9,2,13,649.0
5,322,1,1,2,50,2,6,9,1,8,469.0
5,263,1,1,5,2,0,6,2,2,15,850.66
1,324,1,1,2,59,0,2,93,2,102,1349.0
9,446,1,0,2,2,2,0,2,2,66,1285.0
5,11,3,1,5,16,0,6,16,1,12,1017.0
4,9,0,0,12,68,1,3,0,2,69,2240.0
1,283,1,1,2,35,2,4,9,2,159,910.0
9,447,0,0,4,35,0,2,9,2,21,1095.0
5,74,4,0,7,12,0,2,2,2,0,1950.0
2,448,1,3,5,2,0,2,2,2,64,902.0
4,248,5,1,2,25,0,6,63,2,77,1778.0
5,271,1,1,4,2,2,4,2,2,160,1055.0
5,322,1,1,2,9,2,6,11,1,8,479.0
9,449,1,1,5,12,0,2,2,2,70,1388.0
5,239,1,0,5,14,2,27,2,2,22,735.0
15,398,0,15,2,12,1,2,14,2,51,1849.0
4,406,0,9,2,54,0,2,2,2,7,1690.0
3,450,1,1,4,28,2,6,42,4,24,398.99
11,114,0,0,5,35,0,2,14,2,98,935.0
4,279,1,1,2,2,2,8,14,2,88,912.5
1,24,1,1,2,2,2,2,2,2,5,839.0
1,174,4,0,8,2,2,2,2,2,98,1700.0
1,451,4,1,21,2,2,4,2,2,15,684.8
3,452,1,16,4,23,2,7,21,2,19,348.0
5,453,1,1,5,44,0,6,14,2,8,669.0
4,192,1,1,4,57,2,4,20,2,8,369.0
1,174,4,0,8,2,2,2,2,2,98,1799.0
4,155,1,1,4,50,2,6,88,4,88,455.7
3,454,3,6,2,16,4,8,16,2,8,1369.9
2,455,2,5,13,30,2,7,15,7,45,297.0
5,202,1,6,18,99,2,4,94,2,23,379.0
1,456,1,3,2,2,2,0,2,2,71,1265.0
1,457,4,0,12,12,1,2,2,2,74,1399.0
15,398,0,15,2,12,0,2,2,2,144,1699.0
5,244,0,3,5,2,0,2,2,2,56,1799.0
7,458,3,6,19,72,1,25,23,2,32,2649.0
9,459,1,0,2,2,0,2,2,2,66,1475.0
4,97,3,1,2,25,0,6,95,4,47,929.0
1,24,1,1,2,12,0,6,19,2,5,900.0
4,155,1,1,4,50,2,6,88,2,88,614.0
4,286,1,1,2,59,0,4,2,2,36,935.0
4,9,4,0,12,66,0,3,12,2,129,2013.1
3,460,3,6,5,78,6,9,50,2,161,1279.0
4,9,4,0,8,66,1,2,12,2,10,1649.0
5,157,0,3,5,12,0,5,2,2,107,2049.0
5,295,1,1,5,2,0,3,2,2,71,1962.99
18,461,0,1,7,12,1,3,2,2,162,2099.0
1,185,2,9,2,12,0,3,2,2,52,1483.0
2,462,1,1,5,51,2,23,20,7,163,359.0
5,351,1,1,5,88,0,8,69,2,103,789.0
18,463,0,3,7,12,0,3,2,2,11,1899.0
4,235,1,3,2,67,0,2,2,2,7,1205.0
1,464,0,9,16,36,0,33,40,2,140,3100.0
5,465,1,1,2,12,5,2,14,2,8,789.0
1,24,1,1,2,12,0,2,19,2,5,1018.99
2,184,1,1,2,14,2,6,2,2,30,499.0
5,179,1,0,2,2,2,0,2,2,22,881.0
1,60,1,0,2,2,0,2,2,2,29,960.0
7,466,3,6,2,25,1,11,31,2,39,1599.0
4,97,3,1,2,25,1,8,31,2,103,1349.0
7,434,3,1,2,16,0,8,16,2,8,1119.91
4,155,1,1,4,2,2,6,41,2,88,684.99
1,324,0,1,2,44,0,2,96,2,102,1296.99
1,467,0,0,12,12,0,2,2,2,133,1149.0
9,468,1,1,5,49,1,2,52,2,30,1975.0
5,74,4,0,7,2,0,3,2,2,0,1825.0
4,356,1,1,4,35,2,4,9,2,71,729.9
5,264,0,9,5,12,0,2,2,2,92,1650.0
1,469,1,1,2,35,0,2,9,2,113,1165.0
4,155,1,1,4,2,2,6,2,2,88,708.06
1,180,1,3,4,35,2,4,9,2,71,1149.0
5,173,1,1,4,28,2,6,42,2,8,309.0
1,411,0,9,2,35,2,4,9,2,52,1579.0
1,2,1,1,4,30,2,6,15,1,2,288.9
5,404,4,0,30,100,1,18,25,2,6,1799.0
9,470,1,3,5,35,2,0,9,2,117,1105.0
1,411,2,9,2,35,0,2,9,2,52,1669.0
4,155,1,1,4,50,2,6,9,2,88,558.6
7,471,3,1,2,25,0,8,16,2,8,1199.0
4,198,0,3,2,2,0,2,2,2,92,1639.0
4,132,3,6,27,78,1,17,45,2,145,2758.0
1,472,3,6,5,88,0,8,66,2,164,1399.0
3,473,1,6,18,57,2,6,27,2,23,530.0
2,474,1,1,4,2,2,4,2,2,77,619.0
9,475,1,1,4,35,0,2,9,2,8,1119.0
5,476,4,17,7,101,0,2,40,2,63,1299.0
5,477,3,1,5,102,1,17,97,2,12,999.0
4,406,0,9,8,2,0,2,20,2,92,1472.2
5,329,1,1,2,12,0,6,27,1,8,685.0
4,478,1,6,18,50,2,6,37,2,54,659.0
2,373,1,3,4,30,2,7,15,7,85,349.0
1,479,5,1,5,64,0,34,83,2,70,2249.0
4,198,0,3,2,54,0,2,2,2,92,1775.0
9,480,1,0,2,35,0,2,9,8,21,1460.0
3,376,4,9,2,103,0,10,40,7,21,1159.0
5,402,0,3,5,49,0,2,9,2,33,1488.99
4,132,3,6,19,25,1,17,30,2,145,3154.0
4,9,4,0,8,41,0,2,12,2,129,1899.0
1,481,4,5,21,28,2,2,42,2,100,775.0
4,9,0,0,37,44,0,2,9,2,6,1268.0
2,482,4,5,31,30,2,7,15,7,45,389.0
9,483,1,0,2,82,0,2,9,2,21,1535.0
5,245,0,9,5,59,0,2,2,2,92,1760.0
2,484,1,1,2,2,4,8,48,2,30,1009.0
9,485,0,9,8,12,0,3,2,2,63,1790.0
1,24,1,1,4,104,0,6,19,2,5,846.5
4,6,1,1,4,50,2,6,11,4,93,465.62
4,286,1,1,4,2,2,4,2,2,36,825.0
1,24,1,1,2,14,2,4,2,2,5,685.0
4,132,3,6,5,25,6,11,30,2,78,3149.0
5,329,1,1,2,2,5,2,27,2,30,695.0
4,9,4,0,12,66,1,3,12,2,10,1899.0
4,352,0,3,17,49,0,2,9,2,46,1962.98
4,132,3,6,2,72,6,11,30,2,78,2800.0
9,486,1,3,2,35,0,2,9,2,71,1180.0
3,31,3,6,2,25,1,11,23,2,132,2049.9
1,283,1,1,5,105,0,8,19,2,5,979.0
5,487,1,3,4,35,2,35,9,8,165,1002.0
3,488,4,1,16,12,1,25,48,2,15,1799.0
1,489,1,1,4,12,5,6,2,2,5,579.0
3,490,3,6,2,25,1,11,31,2,166,1749.0
4,491,4,1,7,12,4,3,2,2,95,1299.0
9,492,1,0,2,35,2,0,9,8,21,1195.0
5,193,1,1,2,60,5,2,18,2,8,549.0
17,493,1,1,4,35,2,2,9,2,15,649.0
9,494,1,3,4,35,2,4,9,2,57,915.0
4,6,1,1,4,2,2,4,11,2,93,599.0
1,283,1,1,2,2,0,6,2,2,5,806.0
5,11,3,1,5,25,0,8,23,2,12,1189.0
4,83,1,1,4,12,0,6,37,2,54,749.0
4,235,1,3,2,2,0,0,98,2,7,1119.0
1,92,2,9,2,36,0,3,40,2,58,1908.0
1,495,1,1,2,9,2,8,29,2,4,499.0
5,496,1,1,4,23,2,0,21,1,36,270.62
5,497,1,1,2,35,0,2,9,2,15,1349.0
4,387,4,0,8,2,0,2,2,2,85,889.0
3,498,1,0,37,2,0,2,2,2,34,1150.0
1,499,0,0,7,12,0,2,2,2,167,1349.0
2,500,1,1,4,28,2,4,42,2,30,380.0
3,501,3,1,2,25,1,11,31,2,12,1799.0
1,100,0,3,2,12,0,3,2,2,61,2089.0
2,502,3,1,5,25,0,8,16,2,39,1260.0
1,503,1,0,5,2,0,2,2,2,1,1189.0
4,155,1,1,4,14,2,0,2,2,88,547.0
1,75,1,3,4,2,2,4,2,2,115,779.0
9,504,1,0,2,35,2,0,9,2,21,1195.0
1,100,1,3,4,82,2,2,9,2,61,1099.99
1,180,1,3,2,2,2,2,2,2,71,1205.0
1,231,0,3,2,49,0,2,9,8,112,1449.0
1,54,1,3,2,2,0,2,19,2,115,1049.26
1,75,1,3,4,14,2,4,2,2,115,684.0
4,97,3,1,2,16,0,16,16,2,25,949.0
1,411,0,9,2,2,2,4,2,2,52,1539.0
1,182,1,3,2,2,2,2,2,2,61,1590.0
1,100,0,3,2,44,0,2,9,2,157,1887.21
1,60,1,0,4,14,2,4,2,2,29,800.0
9,505,1,0,4,35,0,2,9,2,46,1210.0
1,24,1,1,4,14,2,2,2,2,5,769.99
5,506,1,6,19,64,1,3,99,8,30,2968.0
9,507,1,3,5,35,0,2,9,2,117,1490.0
1,231,1,3,2,44,0,2,9,2,112,2229.0
4,508,4,1,7,73,2,6,9,2,83,795.99
9,509,0,0,2,35,0,2,9,2,21,1590.0
1,510,1,0,5,2,0,2,2,2,167,1149.0
1,54,1,3,2,12,0,2,19,2,115,1185.43
4,511,1,1,2,82,0,4,9,2,168,1046.44
1,185,0,9,4,2,2,2,2,2,52,1559.0
1,233,1,3,4,2,2,4,2,2,113,1189.0
1,180,1,3,4,2,2,4,2,2,71,1060.0
4,9,0,0,12,2,0,2,2,2,69,1624.0
1,81,1,6,2,2,0,2,19,2,125,1080.0
1,54,1,3,4,2,2,2,2,2,115,973.0
2,3,1,1,4,5,5,6,5,2,4,409.0
7,49,3,6,2,25,0,8,16,2,39,1191.8
1,456,1,3,2,35,0,2,9,8,71,1195.0
1,324,1,1,2,44,0,2,9,2,102,1228.99
1,411,0,9,2,44,0,2,9,2,52,1349.0
1,24,1,1,4,2,2,4,2,2,5,742.0
9,512,0,3,5,49,0,2,9,2,117,1725.0
4,511,1,1,2,82,0,2,9,8,168,1062.95
1,54,1,3,2,2,0,2,2,2,115,1010.51
5,513,4,1,7,44,2,2,9,2,35,847.0
12,514,1,3,4,106,3,7,15,2,100,210.8
9,515,1,1,5,44,1,2,52,2,30,1425.0
5,516,1,1,2,35,0,2,9,2,15,1049.6
1,100,1,3,2,35,2,4,9,2,157,1000.0
1,324,1,1,2,82,0,19,9,2,102,2103.34
1,231,1,3,2,35,0,2,9,8,112,1469.0
7,517,3,6,5,78,1,11,50,2,118,1545.64
5,518,3,6,5,72,1,8,50,2,130,2289.99
3,519,2,5,4,30,2,23,15,7,21,287.9
5,157,1,3,23,49,1,2,9,8,63,2620.0
1,520,1,1,5,12,0,6,14,2,14,979.0
4,521,4,1,7,107,0,2,2,2,15,1094.0
1,24,1,1,4,2,2,2,2,2,5,979.0
4,9,0,0,12,12,1,18,2,2,21,2254.0
1,233,1,1,4,73,2,4,9,2,113,705.15
1,522,1,1,4,2,2,4,2,1,42,499.0
2,523,1,1,4,55,0,6,5,2,30,449.0
4,524,4,0,7,12,4,2,2,2,7,1299.0
7,525,3,1,2,72,1,11,23,2,136,1819.0
1,24,1,1,2,12,0,2,2,2,5,1070.0
3,526,3,6,5,72,1,6,66,1,169,998.0
4,6,1,1,2,2,2,6,20,2,93,559.0
4,83,1,1,2,12,1,14,37,2,147,989.99
7,527,3,1,2,72,1,11,23,2,35,1929.0
4,9,0,0,2,12,0,2,2,2,69,1458.0
3,528,3,6,5,78,8,18,100,2,161,3975.0
4,445,4,0,8,44,0,2,9,2,13,798.01
4,368,3,1,20,72,1,11,72,2,141,1329.0
0,7,0,4,6,108,0,5,40,3,154,1300.0
4,529,1,1,4,73,2,4,9,2,72,481.98
1,233,1,1,4,35,2,4,9,2,113,1199.0
1,411,0,9,2,35,0,2,9,8,52,1199.0
1,34,1,0,2,12,0,2,2,2,29,1090.0
5,74,0,9,7,44,0,2,9,2,6,1713.49
5,530,1,6,18,35,0,36,101,2,170,659.0
5,531,1,1,5,88,2,6,48,2,15,977.0
7,532,3,6,2,25,1,11,30,2,118,2499.0
5,533,1,1,4,35,2,4,9,2,4,540.0
1,469,1,1,2,35,2,4,9,8,113,940.0
5,534,0,9,35,36,0,3,40,2,171,1399.0
5,518,3,6,5,78,6,37,50,2,130,3240.0
5,33,4,7,10,29,2,10,15,2,28,646.27
1,76,0,0,19,12,1,3,2,2,6,2049.0
4,155,1,1,2,2,0,2,2,2,88,750.0
1,100,1,3,2,35,2,4,9,8,157,1030.99
1,135,5,1,2,44,0,2,102,8,36,1495.0
5,487,1,3,2,35,0,27,9,8,33,1199.0
1,535,1,0,37,109,2,7,40,7,69,615.0
2,523,1,1,4,55,2,4,5,2,30,387.0
4,192,1,1,4,110,2,4,20,4,8,393.49
1,2,1,1,4,9,2,6,9,1,2,345.99
3,536,3,6,5,25,0,11,23,2,39,1599.0
4,48,0,0,5,8,2,2,18,2,34,818.35
1,185,2,9,4,35,2,0,9,8,30,1599.0
2,537,1,1,2,2,0,11,48,2,30,799.0
4,83,1,1,2,2,0,6,37,2,54,638.8
7,538,3,6,2,72,0,2,66,2,103,1599.0
1,522,1,1,4,57,2,6,57,2,42,500.0
3,539,3,6,5,72,1,8,50,2,84,2299.0
4,540,0,9,4,73,2,4,9,8,46,1135.15
4,540,0,9,4,73,2,0,9,8,46,1166.97
2,541,1,1,4,51,2,22,20,7,163,209.0
1,306,5,6,5,72,0,6,103,8,170,2899.0
5,11,3,1,2,25,1,3,31,2,30,1199.0
4,540,0,9,4,35,0,2,9,8,46,1413.1
7,542,3,6,2,72,0,8,69,2,59,1511.19
5,513,4,1,7,35,2,2,9,2,4,867.0
1,543,1,1,2,22,2,6,62,2,4,398.0
3,544,3,1,5,72,1,8,69,2,135,1339.0
1,302,1,0,12,111,0,2,40,2,114,1699.0
4,545,1,1,4,35,2,4,104,8,89,769.15
5,546,1,1,4,50,2,0,9,2,4,429.0
1,547,0,0,2,44,0,3,9,2,114,1969.0
5,33,4,7,10,29,2,10,15,5,28,549.0
4,9,0,0,2,33,0,2,0,2,51,1379.0
5,518,3,6,5,78,1,38,50,2,130,2749.99
13,430,0,9,38,44,0,2,9,2,45,1029.0
9,548,0,0,2,12,1,3,2,2,66,2226.0
3,549,3,6,2,72,0,8,69,2,172,1312.49
12,550,1,0,2,106,2,7,15,2,16,196.0
1,547,1,0,2,35,0,2,9,2,114,1690.0
1,231,1,3,2,35,0,2,9,8,112,1513.0
4,511,1,1,4,35,2,4,9,4,168,523.63
3,37,1,1,4,14,2,6,2,2,24,435.0
5,74,4,3,7,44,0,2,9,2,35,1669.0
5,33,4,7,10,29,2,10,15,2,28,479.0
1,411,0,9,4,82,0,2,9,8,52,1895.0
5,11,3,1,5,16,0,8,23,1,30,989.0
1,551,3,6,5,88,0,8,23,2,76,1129.0
1,552,1,1,4,12,0,14,2,2,5,629.0
5,553,4,3,7,49,0,3,105,8,35,2050.38
3,554,1,3,4,23,2,7,21,2,46,278.0
1,2,0,1,2,12,0,2,2,2,102,752.0
2,123,1,1,2,2,2,6,14,2,77,616.0
5,555,1,1,2,44,1,16,106,2,12,1099.0
1,306,5,6,5,72,0,2,107,8,37,3949.4
4,83,1,1,4,2,0,6,37,2,12,784.0
7,517,3,6,2,64,1,11,50,2,118,2399.0
1,324,0,1,2,44,0,2,9,8,17,2171.72
5,157,4,3,35,49,1,3,9,2,23,2440.0
7,556,3,1,2,25,0,8,16,2,30,1142.8
1,547,4,0,8,82,0,2,9,2,61,1629.0
1,393,5,1,5,72,0,2,83,8,135,2229.0
1,547,4,0,17,49,0,2,9,2,61,1799.0
1,479,5,1,2,72,0,2,83,8,70,1899.0
1,411,0,9,2,112,0,2,9,8,52,2296.95
4,279,1,1,2,12,0,2,14,2,88,1009.9
1,324,1,1,2,35,0,2,9,8,17,1579.0
5,157,4,3,35,44,0,2,9,2,111,2339.0
5,557,1,1,4,50,2,6,9,1,36,339.0
1,558,1,1,4,75,2,4,70,2,2,297.0
5,559,1,1,2,35,0,6,101,1,147,599.0
4,97,3,1,2,25,0,6,95,2,47,1199.0
4,115,1,1,34,88,0,2,108,2,5,2250.68
1,560,1,1,2,47,2,2,29,2,14,478.89
7,561,3,6,2,25,1,11,31,2,39,1492.8
5,562,0,3,2,49,4,3,9,8,34,2299.0
5,563,1,1,2,35,0,16,101,2,12,788.49
1,547,4,0,17,49,0,3,9,2,61,2041.0
5,487,0,3,2,49,0,2,9,8,33,1499.0
7,564,3,3,2,72,1,11,72,2,33,1769.0
1,565,3,1,5,25,0,6,16,2,47,899.0
5,566,1,1,4,50,0,6,9,2,8,459.0
1,567,1,1,4,35,2,4,9,1,4,476.99
4,97,3,1,20,25,0,8,31,2,47,1498.0
5,295,1,1,5,2,0,2,2,2,71,1390.0
5,568,1,1,2,9,2,6,47,2,8,468.0
1,569,1,3,4,30,3,7,15,2,22,249.0
7,570,3,1,5,12,0,6,16,2,8,839.0
1,522,1,1,2,44,0,2,9,2,42,679.0
1,24,1,1,2,7,1,3,8,2,4,1159.0
3,571,1,1,4,85,2,4,20,2,8,369.0
5,572,1,1,4,35,2,4,9,1,4,398.0
5,465,1,1,2,12,0,6,14,1,8,709.0
3,573,1,3,2,14,2,2,2,2,24,769.0
5,574,1,1,2,44,2,16,9,8,147,825.0
5,351,3,1,5,72,1,3,75,2,139,1305.0
7,575,3,1,2,72,1,8,72,2,14,2153.37
1,24,1,1,4,73,2,4,9,2,159,650.0
5,157,4,3,35,35,0,2,9,2,92,1637.0
5,329,0,1,2,12,5,2,36,2,157,831.0
4,279,1,1,2,12,0,2,59,4,143,895.01
2,3,1,1,4,113,2,4,21,2,4,333.0
1,576,1,1,5,72,5,6,69,2,88,799.0
3,577,3,1,5,72,0,11,69,2,173,909.0
4,521,4,1,8,12,1,3,2,2,168,1179.0
2,123,1,1,2,2,2,2,14,2,77,691.0
4,9,0,0,12,82,0,2,9,4,51,1099.0
2,420,3,6,5,25,1,11,30,2,148,2599.0
5,11,3,1,5,16,0,6,16,2,30,819.0
15,578,4,13,39,114,2,7,109,7,110,659.0
1,2,1,1,4,2,2,4,2,2,2,485.0
0,7,0,4,6,108,0,5,87,3,154,1163.0
4,524,4,0,7,2,0,2,2,2,7,1199.0
1,579,1,1,5,25,4,8,16,2,174,1327.0
5,580,1,1,4,9,2,6,11,1,36,368.0
3,581,3,6,5,72,1,17,50,2,84,2150.0
2,3,1,1,4,113,2,6,21,4,4,272.0
7,582,3,6,2,25,1,11,23,2,32,2048.9
4,83,1,1,4,50,2,0,77,2,15,499.0
5,566,1,1,4,44,0,4,27,1,8,629.0
4,104,4,1,8,7,1,3,8,2,24,1285.0
4,9,0,0,12,12,1,3,2,2,21,2680.0
3,583,3,1,2,72,0,6,23,2,8,1169.0
4,83,1,1,2,2,0,2,37,2,54,889.0
1,584,1,1,4,2,0,2,2,2,14,579.0
5,55,1,1,4,115,2,4,70,2,8,299.0
2,585,1,6,18,50,0,6,14,2,175,629.0
3,31,3,1,2,25,1,11,30,2,8,2449.0
0,7,0,4,6,95,0,31,40,3,154,1279.0
3,586,1,1,2,25,1,8,23,2,8,1749.0
7,458,3,6,5,72,1,11,23,2,32,1948.99
4,491,4,1,7,2,0,2,2,2,176,999.0
3,208,3,6,2,25,1,11,23,2,59,1949.0
2,587,2,5,4,51,3,13,20,7,6,174.0
2,588,1,6,18,9,2,6,14,2,175,598.0
5,129,1,6,18,2,0,6,2,1,23,539.0
5,351,3,1,5,72,0,8,73,2,103,1272.0
2,589,4,3,7,66,0,2,12,2,21,1149.0
5,590,1,1,5,49,0,2,9,2,15,1529.0
7,591,3,1,2,72,0,8,23,2,8,1476.11
1,592,1,1,2,58,5,6,18,2,4,529.0
4,593,0,9,8,82,0,2,9,8,52,1713.37
4,521,4,15,8,14,2,4,2,2,83,509.0
3,594,1,1,4,57,2,6,57,2,25,309.0
4,9,0,0,12,12,0,2,2,2,69,1477.0
4,155,1,1,4,2,2,6,9,4,88,521.86
5,351,3,1,7,72,1,8,69,2,103,1029.0
7,595,3,1,2,25,0,8,16,2,8,1149.0
5,74,2,9,7,112,1,3,9,2,6,1650.0
13,120,3,3,2,25,1,18,23,2,71,3499.0
4,6,1,1,21,14,0,6,2,2,15,469.01
7,596,3,6,2,25,1,11,23,2,39,1598.0
0,15,0,5,4,18,2,5,1,3,162,959.0
1,597,1,1,2,9,2,6,9,2,4,478.0
1,100,0,3,27,44,0,2,9,8,157,2198.19
4,545,1,1,4,35,2,4,9,8,89,737.0
7,598,3,1,2,72,0,8,69,2,15,1169.0
5,179,1,0,5,12,1,3,2,2,34,1499.0
5,193,1,1,2,60,5,2,18,2,8,597.57
3,599,0,0,2,44,0,2,9,2,100,1280.0
2,247,1,1,4,50,2,4,9,4,30,361.8
4,600,4,6,8,12,1,3,14,2,26,1799.0
1,100,1,3,2,35,2,2,9,8,157,1099.99
3,601,3,1,5,25,1,11,31,2,12,1600.0
4,235,1,3,4,2,2,4,2,2,7,875.0
3,602,3,1,5,72,1,11,30,2,177,2325.0
5,603,1,1,5,2,0,2,2,1,15,573.0
4,9,4,0,12,41,0,2,12,2,129,1813.0
4,192,1,1,4,57,2,4,20,4,8,324.0
1,12,1,1,4,22,2,4,28,2,2,399.0
5,566,1,1,2,73,5,0,27,2,30,569.0
5,604,1,3,5,35,0,2,9,2,36,1072.0
4,192,1,1,4,110,2,4,20,2,8,443.99
3,605,1,1,4,23,2,6,21,2,24,339.0
3,606,3,6,5,72,1,8,72,2,178,1900.0
4,155,1,1,4,9,2,4,9,2,134,490.0
5,607,1,1,2,44,0,16,101,8,147,895.0
7,608,3,1,2,72,0,8,69,2,30,1229.0
5,609,4,3,8,35,2,0,9,2,35,833.01
3,610,0,0,5,116,0,3,40,2,21,729.0
4,6,1,1,4,14,5,6,2,2,15,459.0
2,611,1,1,4,30,2,4,15,4,30,289.0
4,192,1,1,4,85,3,4,20,2,163,379.0
5,351,1,1,5,72,0,6,69,2,103,899.0
1,612,1,1,2,117,5,16,77,2,5,549.99
4,6,1,1,4,12,0,6,11,4,15,805.99
1,613,2,5,4,30,3,7,15,2,144,209.0
3,614,1,1,4,44,2,4,36,2,8,720.32
5,615,4,3,7,44,2,0,9,2,35,638.0
5,404,4,0,30,44,1,3,9,2,6,1499.0
5,342,1,3,4,85,3,10,20,2,46,229.0
1,616,1,1,4,44,5,6,101,2,95,764.0
3,617,1,1,4,85,2,4,20,2,8,369.0
3,610,0,0,5,116,0,3,40,2,21,729.0
4,6,1,1,4,14,5,6,2,2,15,459.0
2,611,1,1,4,30,2,4,15,4,30,289.0
4,192,1,1,4,85,3,4,20,2,163,379.0
5,351,1,1,5,72,0,6,69,2,103,899.0
1,612,1,1,2,117,5,16,77,2,5,549.99
4,6,1,1,4,12,0,6,11,4,15,805.99
1,613,2,5,4,30,3,7,15,2,144,209.0
3,614,1,1,4,44,2,4,36,2,8,720.32
5,615,4,3,7,44,2,0,9,2,35,638.0
5,404,4,0,30,44,1,3,9,2,6,1499.0
5,342,1,3,4,85,3,10,20,2,46,229.0
1,616,1,1,4,44,5,6,101,2,95,764.0
3,617,1,1,4,85,2,4,20,2,8,369.0
3,610,0,0,5,116,0,3,40,2,21,729.0
4,6,1,1,4,14,5,6,2,2,15,459.0
2,611,1,1,4,30,2,4,15,4,30,289.0
4,192,1,1,4,85,3,4,20,2,163,379.0
5,351,1,1,5,72,0,6,69,2,103,899.0
1,612,1,1,2,117,5,16,77,2,5,549.99
4,6,1,1,4,12,0,6,11,4,15,805.99
1,613,2,5,4,30,3,7,15,2,144,209.0
3,614,1,1,4,44,2,4,36,2,8,720.32
5,615,4,3,7,44,2,0,9,2,35,638.0
5,404,4,0,30,44,1,3,9,2,6,1499.0
5,342,1,3,4,85,3,10,20,2,46,229.0
1,616,1,1,4,44,5,6,101,2,95,764.0
3,617,1,1,4,85,2,4,20,2,8,369.0
